Métrica,Cota 0.5,Cota 0.6, Cota 0.7,Cota 0.8, Cota 0.9
precision,0.0226917653470426,0.022711796783820213,1.0,1.0,1.0
recall,1.0,0.12498775109774823,0.0,0.0,0.0
f1,0.044375456587806936,0.03843314281623698,0.0,0.0,0.0
specificity,0.0,0.8751251067401643,1.0,1.0,1.0
